CREATE DATABASE crowdfunding_db;

USE crowdfunding_db;

-- MySQL dump 10.13  Distrib 8.0.38, for Win64 (x86_64)
--
-- Host: localhost    Database: crowdfunding_db
-- ------------------------------------------------------
-- Server version	8.0.39

/*!40101 SET @OLD_CHARACTER_SET_CLIENT=@@CHARACTER_SET_CLIENT */;
/*!40101 SET @OLD_CHARACTER_SET_RESULTS=@@CHARACTER_SET_RESULTS */;
/*!40101 SET @OLD_COLLATION_CONNECTION=@@COLLATION_CONNECTION */;
/*!50503 SET NAMES utf8 */;
/*!40103 SET @OLD_TIME_ZONE=@@TIME_ZONE */;
/*!40103 SET TIME_ZONE='+00:00' */;
/*!40014 SET @OLD_UNIQUE_CHECKS=@@UNIQUE_CHECKS, UNIQUE_CHECKS=0 */;
/*!40014 SET @OLD_FOREIGN_KEY_CHECKS=@@FOREIGN_KEY_CHECKS, FOREIGN_KEY_CHECKS=0 */;
/*!40101 SET @OLD_SQL_MODE=@@SQL_MODE, SQL_MODE='NO_AUTO_VALUE_ON_ZERO' */;
/*!40111 SET @OLD_SQL_NOTES=@@SQL_NOTES, SQL_NOTES=0 */;

--
-- Table structure for table `category`
--

DROP TABLE IF EXISTS `category`;
/*!40101 SET @saved_cs_client     = @@character_set_client */;
/*!50503 SET character_set_client = utf8mb4 */;
CREATE TABLE `category` (
  `CATEGORY_ID` int NOT NULL AUTO_INCREMENT,
  `NAME` varchar(255) NOT NULL,
  PRIMARY KEY (`CATEGORY_ID`)
) ENGINE=InnoDB AUTO_INCREMENT=6 DEFAULT CHARSET=utf8mb4 COLLATE=utf8mb4_0900_ai_ci;
/*!40101 SET character_set_client = @saved_cs_client */;

--
-- Dumping data for table `category`
--

LOCK TABLES `category` WRITE;
/*!40000 ALTER TABLE `category` DISABLE KEYS */;
INSERT INTO `category` VALUES (1,'Medical'),(2,'Education'),(3,'Social Impact'),(4,'Environment'),(5,'Animal Welfare');
/*!40000 ALTER TABLE `category` ENABLE KEYS */;
UNLOCK TABLES;
/*!40103 SET TIME_ZONE=@OLD_TIME_ZONE */;

/*!40101 SET SQL_MODE=@OLD_SQL_MODE */;
/*!40014 SET FOREIGN_KEY_CHECKS=@OLD_FOREIGN_KEY_CHECKS */;
/*!40014 SET UNIQUE_CHECKS=@OLD_UNIQUE_CHECKS */;
/*!40101 SET CHARACTER_SET_CLIENT=@OLD_CHARACTER_SET_CLIENT */;
/*!40101 SET CHARACTER_SET_RESULTS=@OLD_CHARACTER_SET_RESULTS */;
/*!40101 SET COLLATION_CONNECTION=@OLD_COLLATION_CONNECTION */;
/*!40111 SET SQL_NOTES=@OLD_SQL_NOTES */;

-- Dump completed on 2024-10-01 21:01:37


-- MySQL dump 10.13  Distrib 8.0.38, for Win64 (x86_64)
--
-- Host: localhost    Database: crowdfunding_db
-- ------------------------------------------------------
-- Server version	8.0.39

/*!40101 SET @OLD_CHARACTER_SET_CLIENT=@@CHARACTER_SET_CLIENT */;
/*!40101 SET @OLD_CHARACTER_SET_RESULTS=@@CHARACTER_SET_RESULTS */;
/*!40101 SET @OLD_COLLATION_CONNECTION=@@COLLATION_CONNECTION */;
/*!50503 SET NAMES utf8 */;
/*!40103 SET @OLD_TIME_ZONE=@@TIME_ZONE */;
/*!40103 SET TIME_ZONE='+00:00' */;
/*!40014 SET @OLD_UNIQUE_CHECKS=@@UNIQUE_CHECKS, UNIQUE_CHECKS=0 */;
/*!40014 SET @OLD_FOREIGN_KEY_CHECKS=@@FOREIGN_KEY_CHECKS, FOREIGN_KEY_CHECKS=0 */;
/*!40101 SET @OLD_SQL_MODE=@@SQL_MODE, SQL_MODE='NO_AUTO_VALUE_ON_ZERO' */;
/*!40111 SET @OLD_SQL_NOTES=@@SQL_NOTES, SQL_NOTES=0 */;

--
-- Table structure for table `fundraiser`
--

DROP TABLE IF EXISTS `fundraiser`;
/*!40101 SET @saved_cs_client     = @@character_set_client */;
/*!50503 SET character_set_client = utf8mb4 */;
CREATE TABLE `fundraiser` (
  `FUNDRAISER_ID` int NOT NULL AUTO_INCREMENT,
  `ORGANIZER` varchar(255) DEFAULT NULL,
  `CAPTION` varchar(255) DEFAULT NULL,
  `TARGET_FUNDING` decimal(10,2) DEFAULT NULL,
  `CURRENT_FUNDING` decimal(10,2) DEFAULT NULL,
  `CITY` varchar(255) DEFAULT NULL,
  `ACTIVE` tinyint(1) NOT NULL,
  `CATEGORY_ID` int DEFAULT NULL,
  PRIMARY KEY (`FUNDRAISER_ID`),
  KEY `CATEGORY_ID` (`CATEGORY_ID`),
  CONSTRAINT `fundraiser_ibfk_1` FOREIGN KEY (`CATEGORY_ID`) REFERENCES `category` (`CATEGORY_ID`)
) ENGINE=InnoDB AUTO_INCREMENT=16 DEFAULT CHARSET=utf8mb4 COLLATE=utf8mb4_0900_ai_ci;
/*!40101 SET character_set_client = @saved_cs_client */;

--
-- Dumping data for table `fundraiser`
--

LOCK TABLES `fundraiser` WRITE;
/*!40000 ALTER TABLE `fundraiser` DISABLE KEYS */;
INSERT INTO `fundraiser` VALUES (1,'Haoda Family','Help Judith Haoda with Medical Bills',100000.00,46000.00,'Port Moresby',1,1),(2,'Kevin Family','Support Kila Kevins Education',70000.00,32000.00,'Lae',1,2),(3,'Mavado Foundation','Impacting Social Change',20000.00,15000.00,'East New Britain',1,3),(4,'Tinas Parents','Funding for Tina Special Education',40000.00,23000.00,'New Ireland',1,2),(5,'Kathrines Foundation','Help Kathrine fight Stage3 cancer',75000.00,36000.00,'Manus Island',0,1),(6,'Tallis Duncan','Help Talis with Medical Bills',50000.00,25000.00,'Madang',1,1),(7,'Davis Hucklebery','Support Daviss Education',20000.00,5500.00,'Wewak',1,2),(8,'Robs Foundation','Impacting Social Change',25000.00,15000.00,'Lae',1,3),(9,'Adele and Team','Flood Relief for Adele',40000.00,23000.00,'Port Moresby',1,1),(10,'Community Helpers','Building Schools in Rural Areas',30000.00,27000.00,'West New Britain',0,2),(11,'Green Earth','Reforest Our Planet',20000.00,9000.00,'Daru',1,3),(12,'Animal Rescue','Save Endangered species',25000.00,13000.00,'Vanimo',1,3),(13,'Tech for Kids','Donate Laptops to Schools',25000.00,21000.00,'East New Britain',1,2),(14,'Health for All','Medical Camps for Underprivileged',30000.00,22000.00,'Port Moresby',1,1),(15,'Water for Life','Provide Clean Water to Villages',15000.00,5000.00,'Milne Bay',1,1);
/*!40000 ALTER TABLE `fundraiser` ENABLE KEYS */;
UNLOCK TABLES;
/*!40103 SET TIME_ZONE=@OLD_TIME_ZONE */;

/*!40101 SET SQL_MODE=@OLD_SQL_MODE */;
/*!40014 SET FOREIGN_KEY_CHECKS=@OLD_FOREIGN_KEY_CHECKS */;
/*!40014 SET UNIQUE_CHECKS=@OLD_UNIQUE_CHECKS */;
/*!40101 SET CHARACTER_SET_CLIENT=@OLD_CHARACTER_SET_CLIENT */;
/*!40101 SET CHARACTER_SET_RESULTS=@OLD_CHARACTER_SET_RESULTS */;
/*!40101 SET COLLATION_CONNECTION=@OLD_COLLATION_CONNECTION */;
/*!40111 SET SQL_NOTES=@OLD_SQL_NOTES */;

-- Dump completed on 2024-10-01 21:01:37


-- MySQL dump 10.13  Distrib 8.0.38, for Win64 (x86_64)
--
-- Host: localhost    Database: crowdfunding_db
-- ------------------------------------------------------
-- Server version	8.0.39

/*!40101 SET @OLD_CHARACTER_SET_CLIENT=@@CHARACTER_SET_CLIENT */;
/*!40101 SET @OLD_CHARACTER_SET_RESULTS=@@CHARACTER_SET_RESULTS */;
/*!40101 SET @OLD_COLLATION_CONNECTION=@@COLLATION_CONNECTION */;
/*!50503 SET NAMES utf8 */;
/*!40103 SET @OLD_TIME_ZONE=@@TIME_ZONE */;
/*!40103 SET TIME_ZONE='+00:00' */;
/*!40014 SET @OLD_UNIQUE_CHECKS=@@UNIQUE_CHECKS, UNIQUE_CHECKS=0 */;
/*!40014 SET @OLD_FOREIGN_KEY_CHECKS=@@FOREIGN_KEY_CHECKS, FOREIGN_KEY_CHECKS=0 */;
/*!40101 SET @OLD_SQL_MODE=@@SQL_MODE, SQL_MODE='NO_AUTO_VALUE_ON_ZERO' */;
/*!40111 SET @OLD_SQL_NOTES=@@SQL_NOTES, SQL_NOTES=0 */;

--
-- Table structure for table `donation`
--

DROP TABLE IF EXISTS `donation`;
/*!40101 SET @saved_cs_client     = @@character_set_client */;
/*!50503 SET character_set_client = utf8mb4 */;
CREATE TABLE `donation` (
  `DONATION_ID` int NOT NULL AUTO_INCREMENT,
  `DATE` datetime NOT NULL,
  `AMOUNT` decimal(10,2) NOT NULL,
  `GIVER` varchar(255) NOT NULL,
  `FUNDRAISER_ID` int DEFAULT NULL,
  PRIMARY KEY (`DONATION_ID`),
  KEY `FUNDRAISER_ID` (`FUNDRAISER_ID`),
  CONSTRAINT `donation_ibfk_1` FOREIGN KEY (`FUNDRAISER_ID`) REFERENCES `fundraiser` (`FUNDRAISER_ID`)
) ENGINE=InnoDB AUTO_INCREMENT=11 DEFAULT CHARSET=utf8mb4 COLLATE=utf8mb4_0900_ai_ci;
/*!40101 SET character_set_client = @saved_cs_client */;

--
-- Dumping data for table `donation`
--

LOCK TABLES `donation` WRITE;
/*!40000 ALTER TABLE `donation` DISABLE KEYS */;
INSERT INTO `donation` VALUES (1,'2024-09-06 12:21:03',400.00,'Cameron',1),(2,'2024-09-07 03:14:00',750.00,'Isabelle',2),(3,'2024-09-08 08:26:23',200.00,'Cody',3),(4,'2024-09-09 07:19:10',600.00,'Latrell',4),(5,'2024-09-10 02:03:13',375.00,'Kezy',5),(6,'2024-09-11 11:00:16',1000.00,'Damien',6),(7,'2024-09-12 06:18:28',820.00,'Olivier',7),(8,'2024-09-13 07:24:29',360.00,'Millie',8),(9,'2024-09-14 01:30:00',500.00,'Isaiah',9),(10,'2024-09-15 04:15:18',900.00,'Samantha',10);
/*!40000 ALTER TABLE `donation` ENABLE KEYS */;
UNLOCK TABLES;
/*!40103 SET TIME_ZONE=@OLD_TIME_ZONE */;

/*!40101 SET SQL_MODE=@OLD_SQL_MODE */;
/*!40014 SET FOREIGN_KEY_CHECKS=@OLD_FOREIGN_KEY_CHECKS */;
/*!40014 SET UNIQUE_CHECKS=@OLD_UNIQUE_CHECKS */;
/*!40101 SET CHARACTER_SET_CLIENT=@OLD_CHARACTER_SET_CLIENT */;
/*!40101 SET CHARACTER_SET_RESULTS=@OLD_CHARACTER_SET_RESULTS */;
/*!40101 SET COLLATION_CONNECTION=@OLD_COLLATION_CONNECTION */;
/*!40111 SET SQL_NOTES=@OLD_SQL_NOTES */;

-- Dump completed on 2024-10-01 21:01:36

